<?xml version="1.0" encoding="UTF-8"?>
<config xmlns="http://www.knime.org/2008/09/XMLConfig" xmlns:xsi="http://www.w3.org/2001/XMLSchema-instance" xsi:schemaLocation="http://www.knime.org/2008/09/XMLConfig http://www.knime.org/XMLConfig_2008_09.xsd" key="model.xml">
<entry key="version" type="xint" value="1"/>
<entry key="class_name" type="xstring" value="org.knime.twitter.api.data.TwitterApiConnectionPortObjectSpec"/>
<config key="model">
<entry key="consumerKey" type="xstring" value="WsWFeGi2ivVtub30LBwYQIrhu"/>
<entry key="consumerSecret" type="xstring" value="t3YZulvL39Kyxk2DfCEDAcBGNkXekrQIjacn4OhWyS9ZICMHWp"/>
<entry key="accessToken" type="xstring" value="1074187804756885504-3AF27zTM7cU2v6ysDGTTcq8kp5Ne8A"/>
<entry key="accessTokenSecret" type="xstring" value="F0ATapD20x9C6WE2mvevcV6J2aa8TX57lsv7zplyKkRSq"/>
</config>
</config>
